n,p,shots,total_logical_error_rate,mean_objective_value,average_cpu_time_seconds,total_err_low,total_err_high,x_logical_error_rate,z_logical_error_rate
7,0.012,10000,0.1898,19.647354099177576,0.04923909347670878,0,0,0,0
7,0.008,10000,0.1116,19.647354099177576,0.04923909347670878,0,0,0,0
7,0.01,10000,0.1423,19.647354099177576,0.04923909347670878,0,0,0,0
7,0.009,10000,0.1331,19.647354099177576,0.04923909347670878,0,0,0,0
7,0.011,10000,0.1662,19.647354099177576,0.04923909347670878,0,0,0,0
